,pkefCO,pkefM,pkebCO,pkebM,pkegCO,pkegM,pkehCO,pkehM,ikef,ikeb,ikeg,ikeh,sigmamkef,sigmamkeb,sigmamkeg,sigmamkeh
2015_2020,329.9932104769071,304.10197900657147,399.43717483840453,248.1998700267167,566.927418313997,566.1755420696808,199.37672328902016,206.68369741709017,544.28972,1.21152,95.89862,243.1012,0.4785504308257007,0.6858656893819335,0.7826630873311837,0.7326545488051889
2020_2025,33.267562505947495,75.35908126958043,390.54841033028094,391.50340813356826,571.706521466389,615.4416810075522,366.41146810771704,305.55730018506995,663.9951,0.11388,3.13546,7.7854399999999995,0.4530407829816817,0.573278890059712,0.872895843034196,0.9431926776135967
2025_2030,34.41507063901325,92.56268531011236,435.8095340927495,99.59178772961941,597.4585106891768,590.9431970744921,200.67898417608757,253.2199367414608,510.95604000000003,0.33689,28.82856,270.1584500000001,0.4562534029346243,0.8900353231024963,0.9093390373990238,0.9917103388770552
2030_2035,96.21580504504814,226.7400002740436,435.67839195979894,55.13799177921316,607.9476712020714,599.1343548483798,259.9692955630447,185.67751545447123,319.7359,0.73914,85.28778,24.73701,0.6144605094391965,0.967692182807046,0.9109461402325163,0.9901518817351006
2035_2040,48.21665487857015,15.094791319929588,468.8752647248396,247.2432483973654,561.1599628830611,574.7368766770963,194.58661882444432,223.35573824382772,3240.06864,0.40299999999999997,5.585319999999999,280.98940000000005,0.898948118580599,0.6766153846153846,0.8776711092650019,0.9914147152881924
2040_2045,5.107958419109555,25.87906648222751,465.71684855733304,69.14904408491964,614.6859938561307,599.4503389682033,248.5079365079365,197.50319019158698,5492.807000000001,0.51649,29.264260000000004,23.01225,0.372195127190888,0.9352456001084242,0.9108432948586433,0.9902812632402308
2045_2050,54.31602824559337,21.41297092385223,409.0757158338665,70.54496238758044,620.6324279384869,610.8524787604824,176.05696747883522,214.64867016062047,4837.842000000001,1.08809,85.64533000000002,284.67458,0.898905007645971,0.9296115211057908,0.9104963574779851,0.9916996733603682
