,ELECTRICITY,GASOLINE,DIESEL,BIOETHANOL,BIODIESEL,LFO,GAS,GAS_RE,WOOD,WET_BIOMASS,COAL,URANIUM,WASTE,H2,H2_RE,AMMONIA,METHANOL,AMMONIA_RE,METHANOL_RE,ELEC_EXPORT,CO2_EMISSIONS,RES_WIND,RES_SOLAR,RES_HYDRO,RES_GEO,CO2_ATM ,CO2_INDUSTRY ,CO2_CAPTURED
YEAR_2015,0.056866,0.058881227,0.057006647,0.126229051,0.135167338,0.043,0.03,0.137018848,0.028508853,0.005001899,0.0145,0.003876456,0.020052021,0.073701999,0.144058419,0.064208462,0.072906869,0.09639402,0.126229051,0,0,0,0,0,0,0,0,0
YEAR_2020,0.063732,0.065566486,0.063479071,0.122502774,0.131394244,0.047882136,0.033636659,0.132345636,0.030123691,0.005285223,0.015545445,0.003876456,0.021187834,0.077642645,0.137854413,0.071991938,0.081184572,0.092751343,0.122502774,0,0,0,0,0,0,0,0,0
YEAR_2025,0.070598,0.0531293026505283,0.0534637746811757,0.118776497,0.12762115,0.0373188855566665,0.0301464925347052,0.127672424,0.031020822,0.005442625,0.0148421397940993,0.003876456,0.021818842,0.081905721,0.131650407,0.080396794,0.089220376,0.089108665,0.118776497,0,0,0,0,0,0,0,0,0
YEAR_2030,0.077464,0.0495983801581799,0.0533353073207224,0.115050221,0.123848056,0.0343270181428629,0.0282292741192424,0.122999212,0.031917954,0.005600028,0.0119500722946488,0.003876456,0.02244985,0.08517782,0.125446402,0.08880165,0.097256179,0.085465988,0.115050221,0,0,0,0,0,0,0,0,0
YEAR_2035,0.08433,0.0498824535416561,0.0533353073207224,0.111323944,0.120074962,0.0340034858514781,0.0285233945917562,0.118326,0.032815086,0.00575743,0.0122083095274231,0.003876456,0.023080857,0.088003981,0.119242396,0.094714031,0.101985823,0.081823311,0.111323944,0,0,0,0,0,0,0,0,0
YEAR_2040,0.091196,0.0482707215854368,0.0533353073207224,0.107597667,0.116301868,0.032632927994489,0.0276808180391896,0.113652788,0.033712218,0.005914833,0.012801211812526,0.003876456,0.023711865,0.090447437,0.11303839,0.100626412,0.106715467,0.078180634,0.107597667,0,0,0,0,0,0,0,0,0
YEAR_2045,0.098062,0.0458096928475157,0.0533353073207224,0.10387139,0.112528774,0.0308307990871875,0.0264004642802739,0.108979576,0.034609349,0.006072235,0.0121228923936708,0.003876456,0.024342872,0.093203627,0.106834384,0.107350297,0.111582868,0.074537957,0.10387139,0,0,0,0,0,0,0,0,0
YEAR_2050,0.104928,0.0405520429302902,0.0533353073207224,0.100145113,0.10875568,0.027320958985131,0.0236050452907719,0.104306364,0.035506481,0.006229637,0.0131226500044715,0.003876456,0.02497388,0.095506697,0.100630378,0.114074182,0.116450269,0.070895279,0.100145113,0,0,0,0,0,0,0,0,0
